timeStamp,elapsed,label,responseCode,responseMessage,threadName,dataType,success,failureMessage,bytes,sentBytes,grpThreads,allThreads,URL,Filename,Latency,Encoding,SampleCount,ErrorCount,Hostname,IdleTime,Connect
1710109674165,1160,RegistrarUsuario,200,OK,Micro_notifcaciones 1-8,text,true,,258,308,250,750,http://34.160.153.17/servicios/notificacion,,1160,UTF-8,1,0,ip-192-168-20-46.ec2.internal,0,70
1710109674165,1386,RegistrarUsuario,200,OK,Micro_notifcaciones 1-3,text,true,,258,308,249,749,http://34.160.153.17/servicios/notificacion,,1386,UTF-8,1,0,ip-192-168-20-46.ec2.internal,0,70
1710109674169,1402,RegistrarUsuario,200,OK,Micro_notifcaciones 1-15,text,true,,258,308,248,748,http://34.160.153.17/servicios/notificacion,,1402,UTF-8,1,0,ip-192-168-20-46.ec2.internal,0,79
1710109674165,1471,RegistrarUsuario,200,OK,Micro_notifcaciones 1-10,text,true,,258,308,247,747,http://34.160.153.17/servicios/notificacion,,1471,UTF-8,1,0,ip-192-168-20-46.ec2.internal,0,70
1710109674165,1471,RegistrarUsuario,200,OK,Micro_notifcaciones 1-6,text,true,,258,308,247,747,http://34.160.153.17/servicios/notificacion,,1471,UTF-8,1,0,ip-192-168-20-46.ec2.internal,0,70
1710109674171,1791,RegistrarUsuario,200,OK,Micro_notifcaciones 1-21,text,true,,258,308,245,745,http://34.160.153.17/servicios/notificacion,,1791,UTF-8,1,0,ip-192-168-20-46.ec2.internal,0,77
1710109674170,1801,RegistrarUsuario,200,OK,Micro_notifcaciones 1-17,text,true,,258,308,244,744,http://34.160.153.17/servicios/notificacion,,1801,UTF-8,1,0,ip-192-168-20-46.ec2.internal,0,78
1710109674171,1984,RegistrarUsuario,200,OK,Micro_notifcaciones 1-32,text,true,,258,308,243,743,http://34.160.153.17/servicios/notificacion,,1984,UTF-8,1,0,ip-192-168-20-46.ec2.internal,0,92
1710109674170,2002,RegistrarUsuario,200,OK,Micro_notifcaciones 1-25,text,true,,258,308,242,742,http://34.160.153.17/servicios/notificacion,,2002,UTF-8,1,0,ip-192-168-20-46.ec2.internal,0,78
1710109674170,2012,RegistrarUsuario,200,OK,Micro_notifcaciones 1-16,text,true,,258,308,241,741,http://34.160.153.17/servicios/notificacion,,2012,UTF-8,1,0,ip-192-168-20-46.ec2.internal,0,78
1710109674174,2008,RegistrarUsuario,200,OK,Micro_notifcaciones 1-41,text,true,,258,308,241,741,http://34.160.153.17/servicios/notificacion,,2008,UTF-8,1,0,ip-192-168-20-46.ec2.internal,0,89
1710109674171,2020,RegistrarUsuario,200,OK,Micro_notifcaciones 1-20,text,true,,258,308,239,739,http://34.160.153.17/servicios/notificacion,,2020,UTF-8,1,0,ip-192-168-20-46.ec2.internal,0,80
1710109674165,2223,RegistrarUsuario,200,OK,Micro_notifcaciones 1-1,text,true,,258,308,238,738,http://34.160.153.17/servicios/notificacion,,2223,UTF-8,1,0,ip-192-168-20-46.ec2.internal,0,83
1710109674169,2627,RegistrarUsuario,200,OK,Micro_notifcaciones 1-11,text,true,,258,308,237,737,http://34.160.153.17/servicios/notificacion,,2627,UTF-8,1,0,ip-192-168-20-46.ec2.internal,0,79
1710109674174,2643,RegistrarUsuario,200,OK,Micro_notifcaciones 1-33,text,true,,258,308,236,736,http://34.160.153.17/servicios/notificacion,,2643,UTF-8,1,0,ip-192-168-20-46.ec2.internal,0,90
1710109674165,2669,RegistrarUsuario,200,OK,Micro_notifcaciones 1-4,text,true,,258,308,235,735,http://34.160.153.17/servicios/notificacion,,2669,UTF-8,1,0,ip-192-168-20-46.ec2.internal,0,83
1710109674165,2678,RegistrarUsuario,200,OK,Micro_notifcaciones 1-9,text,true,,258,308,234,734,http://34.160.153.17/servicios/notificacion,,2678,UTF-8,1,0,ip-192-168-20-46.ec2.internal,0,83
1710109674165,2786,RegistrarUsuario,200,OK,Micro_notifcaciones 1-5,text,true,,258,308,233,733,http://34.160.153.17/servicios/notificacion,,2786,UTF-8,1,0,ip-192-168-20-46.ec2.internal,0,83
1710109674175,2908,RegistrarUsuario,200,OK,Micro_notifcaciones 1-44,text,true,,258,308,232,732,http://34.160.153.17/servicios/notificacion,,2908,UTF-8,1,0,ip-192-168-20-46.ec2.internal,0,89
1710109674178,3015,RegistrarUsuario,200,OK,Micro_notifcaciones 1-55,text,true,,258,308,231,731,http://34.160.153.17/servicios/notificacion,,3015,UTF-8,1,0,ip-192-168-20-46.ec2.internal,0,271
1710109674171,3120,RegistrarUsuario,200,OK,Micro_notifcaciones 1-31,text,true,,258,308,230,729,http://34.160.153.17/servicios/notificacion,,3120,UTF-8,1,0,ip-192-168-20-46.ec2.internal,0,80
1710109674168,3375,RegistrarUsuario,200,OK,Micro_notifcaciones 1-14,text,true,,258,308,229,728,http://34.160.153.17/servicios/notificacion,,3375,UTF-8,1,0,ip-192-168-20-46.ec2.internal,0,80
1710109674168,3375,RegistrarUsuario,200,OK,Micro_notifcaciones 1-12,text,true,,258,308,229,728,http://34.160.153.17/servicios/notificacion,,3375,UTF-8,1,0,ip-192-168-20-46.ec2.internal,0,80
1710109674171,3412,RegistrarUsuario,200,OK,Micro_notifcaciones 1-29,text,true,,258,308,227,726,http://34.160.153.17/servicios/notificacion,,3412,UTF-8,1,0,ip-192-168-20-46.ec2.internal,0,77
1710109674170,3443,RegistrarUsuario,200,OK,Micro_notifcaciones 1-24,text,true,,258,308,226,725,http://34.160.153.17/servicios/notificacion,,3443,UTF-8,1,0,ip-192-168-20-46.ec2.internal,0,78
1710109674171,3446,RegistrarUsuario,200,OK,Micro_notifcaciones 1-28,text,true,,258,308,225,724,http://34.160.153.17/servicios/notificacion,,3445,UTF-8,1,0,ip-192-168-20-46.ec2.internal,0,77
1710109674170,3449,RegistrarUsuario,200,OK,Micro_notifcaciones 1-22,text,true,,258,308,224,723,http://34.160.153.17/servicios/notificacion,,3449,UTF-8,1,0,ip-192-168-20-46.ec2.internal,0,78
1710109674171,3533,RegistrarUsuario,200,OK,Micro_notifcaciones 1-18,text,true,,258,308,223,722,http://34.160.153.17/servicios/notificacion,,3533,UTF-8,1,0,ip-192-168-20-46.ec2.internal,0,93
1710109674174,3666,RegistrarUsuario,200,OK,Micro_notifcaciones 1-37,text,true,,258,308,222,721,http://34.160.153.17/servicios/notificacion,,3666,UTF-8,1,0,ip-192-168-20-46.ec2.internal,0,90
1710109674174,3685,RegistrarUsuario,200,OK,Micro_notifcaciones 1-39,text,true,,258,308,221,720,http://34.160.153.17/servicios/notificacion,,3685,UTF-8,1,0,ip-192-168-20-46.ec2.internal,0,89
1710109674171,3689,RegistrarUsuario,200,OK,Micro_notifcaciones 1-23,text,true,,258,308,220,719,http://34.160.153.17/servicios/notificacion,,3689,UTF-8,1,0,ip-192-168-20-46.ec2.internal,0,92
1710109674171,3885,RegistrarUsuario,200,OK,Micro_notifcaciones 1-19,text,true,,258,308,219,715,http://34.160.153.17/servicios/notificacion,,3885,UTF-8,1,0,ip-192-168-20-46.ec2.internal,0,77
1710109674171,3919,RegistrarUsuario,200,OK,Micro_notifcaciones 1-27,text,true,,258,308,218,712,http://34.160.153.17/servicios/notificacion,,3919,UTF-8,1,0,ip-192-168-20-46.ec2.internal,0,93
1710109674174,3928,RegistrarUsuario,200,OK,Micro_notifcaciones 1-43,text,true,,258,308,217,708,http://34.160.153.17/servicios/notificacion,,3928,UTF-8,1,0,ip-192-168-20-46.ec2.internal,0,89
1710109674174,3929,RegistrarUsuario,200,OK,Micro_notifcaciones 1-36,text,true,,258,308,216,707,http://34.160.153.17/servicios/notificacion,,3929,UTF-8,1,0,ip-192-168-20-46.ec2.internal,0,90
1710109674178,3927,RegistrarUsuario,200,OK,Micro_notifcaciones 1-53,text,true,,258,308,215,705,http://34.160.153.17/servicios/notificacion,,3927,UTF-8,1,0,ip-192-168-20-46.ec2.internal,0,271
1710109674174,4013,RegistrarUsuario,200,OK,Micro_notifcaciones 1-40,text,true,,258,308,214,704,http://34.160.153.17/servicios/notificacion,,4013,UTF-8,1,0,ip-192-168-20-46.ec2.internal,0,90
1710109674192,4011,RegistrarUsuario,200,OK,Micro_notifcaciones 1-113,text,true,,258,308,213,702,http://34.160.153.17/servicios/notificacion,,4010,UTF-8,1,0,ip-192-168-20-46.ec2.internal,0,480
1710109674174,4038,RegistrarUsuario,200,OK,Micro_notifcaciones 1-38,text,true,,258,308,212,700,http://34.160.153.17/servicios/notificacion,,4038,UTF-8,1,0,ip-192-168-20-46.ec2.internal,0,90
1710109674174,4039,RegistrarUsuario,200,OK,Micro_notifcaciones 1-35,text,true,,258,308,211,699,http://34.160.153.17/servicios/notificacion,,4039,UTF-8,1,0,ip-192-168-20-46.ec2.internal,0,90
1710109674194,4204,RegistrarUsuario,200,OK,Micro_notifcaciones 1-125,text,true,,258,308,210,688,http://34.160.153.17/servicios/notificacion,,4204,UTF-8,1,0,ip-192-168-20-46.ec2.internal,0,480
1710109674178,4222,RegistrarUsuario,200,OK,Micro_notifcaciones 1-46,text,true,,258,308,209,687,http://34.160.153.17/servicios/notificacion,,4222,UTF-8,1,0,ip-192-168-20-46.ec2.internal,0,271
1710109674178,4234,RegistrarUsuario,200,OK,Micro_notifcaciones 1-51,text,true,,258,308,208,685,http://34.160.153.17/servicios/notificacion,,4234,UTF-8,1,0,ip-192-168-20-46.ec2.internal,0,269
1710109674192,4761,RegistrarUsuario,200,OK,Micro_notifcaciones 1-114,text,true,,258,308,207,677,http://34.160.153.17/servicios/notificacion,,4761,UTF-8,1,0,ip-192-168-20-46.ec2.internal,0,481
1710109674194,4859,RegistrarUsuario,200,OK,Micro_notifcaciones 1-123,text,true,,258,308,206,676,http://34.160.153.17/servicios/notificacion,,4859,UTF-8,1,0,ip-192-168-20-46.ec2.internal,0,479
1710109674174,4880,RegistrarUsuario,200,OK,Micro_notifcaciones 1-30,text,true,,258,308,205,675,http://34.160.153.17/servicios/notificacion,,4880,UTF-8,1,0,ip-192-168-20-46.ec2.internal,0,90
1710109674184,5227,RegistrarUsuario,200,OK,Micro_notifcaciones 1-89,text,true,,258,308,204,658,http://34.160.153.17/servicios/notificacion,,5227,UTF-8,1,0,ip-192-168-20-46.ec2.internal,0,376
1710109674184,5286,RegistrarUsuario,200,OK,Micro_notifcaciones 1-84,text,true,,258,308,203,657,http://34.160.153.17/servicios/notificacion,,5286,UTF-8,1,0,ip-192-168-20-46.ec2.internal,0,373
1710109674197,5282,RegistrarUsuario,200,OK,Micro_notifcaciones 1-105,text,true,,258,308,202,656,http://34.160.153.17/servicios/notificacion,,5282,UTF-8,1,0,ip-192-168-20-46.ec2.internal,0,478
1710109674196,5375,RegistrarUsuario,200,OK,Micro_notifcaciones 1-109,text,true,,258,308,201,652,http://34.160.153.17/servicios/notificacion,,5375,UTF-8,1,0,ip-192-168-20-46.ec2.internal,0,479
1710109674195,5525,RegistrarUsuario,200,OK,Micro_notifcaciones 1-136,text,true,,258,308,200,649,http://34.160.153.17/servicios/notificacion,,5525,UTF-8,1,0,ip-192-168-20-46.ec2.internal,0,480
1710109674184,5568,RegistrarUsuario,200,OK,Micro_notifcaciones 1-81,text,true,,258,308,199,647,http://34.160.153.17/servicios/notificacion,,5568,UTF-8,1,0,ip-192-168-20-46.ec2.internal,0,373
1710109674183,5573,RegistrarUsuario,200,OK,Micro_notifcaciones 1-85,text,true,,258,308,198,646,http://34.160.153.17/servicios/notificacion,,5573,UTF-8,1,0,ip-192-168-20-46.ec2.internal,0,373
1710109674184,5605,RegistrarUsuario,200,OK,Micro_notifcaciones 1-74,text,true,,258,308,197,644,http://34.160.153.17/servicios/notificacion,,5605,UTF-8,1,0,ip-192-168-20-46.ec2.internal,0,375
1710109674193,5673,RegistrarUsuario,200,OK,Micro_notifcaciones 1-103,text,true,,258,308,196,641,http://34.160.153.17/servicios/notificacion,,5673,UTF-8,1,0,ip-192-168-20-46.ec2.internal,0,483
1710109674199,5814,RegistrarUsuario,200,OK,Micro_notifcaciones 1-137,text,true,,258,308,195,640,http://34.160.153.17/servicios/notificacion,,5814,UTF-8,1,0,ip-192-168-20-46.ec2.internal,0,618
1710109674197,5832,RegistrarUsuario,200,OK,Micro_notifcaciones 1-143,text,true,,258,308,194,639,http://34.160.153.17/servicios/notificacion,,5832,UTF-8,1,0,ip-192-168-20-46.ec2.internal,0,479
1710109674192,5903,RegistrarUsuario,200,OK,Micro_notifcaciones 1-96,text,true,,258,308,193,638,http://34.160.153.17/servicios/notificacion,,5903,UTF-8,1,0,ip-192-168-20-46.ec2.internal,0,480
1710109674194,5902,RegistrarUsuario,200,OK,Micro_notifcaciones 1-120,text,true,,258,308,192,637,http://34.160.153.17/servicios/notificacion,,5902,UTF-8,1,0,ip-192-168-20-46.ec2.internal,0,479
1710109674202,5899,RegistrarUsuario,200,OK,Micro_notifcaciones 1-150,text,true,,258,308,191,636,http://34.160.153.17/servicios/notificacion,,5899,UTF-8,1,0,ip-192-168-20-46.ec2.internal,0,620
1710109674189,5992,RegistrarUsuario,200,OK,Micro_notifcaciones 1-102,text,true,,258,308,190,629,http://34.160.153.17/servicios/notificacion,,5992,UTF-8,1,0,ip-192-168-20-46.ec2.internal,0,483
1710109674192,5992,RegistrarUsuario,200,OK,Micro_notifcaciones 1-119,text,true,,258,308,189,628,http://34.160.153.17/servicios/notificacion,,5992,UTF-8,1,0,ip-192-168-20-46.ec2.internal,0,480
1710109674202,5984,RegistrarUsuario,200,OK,Micro_notifcaciones 1-156,text,true,,258,308,188,626,http://34.160.153.17/servicios/notificacion,,5984,UTF-8,1,0,ip-192-168-20-46.ec2.internal,0,620
1710109674202,5985,RegistrarUsuario,200,OK,Micro_notifcaciones 1-152,text,true,,258,308,187,625,http://34.160.153.17/servicios/notificacion,,5985,UTF-8,1,0,ip-192-168-20-46.ec2.internal,0,620
1710109674165,6028,RegistrarUsuario,200,OK,Micro_notifcaciones 1-2,text,true,,258,308,186,624,http://34.160.153.17/servicios/notificacion,,6028,UTF-8,1,0,ip-192-168-20-46.ec2.internal,0,70
1710109674203,6096,RegistrarUsuario,200,OK,Micro_notifcaciones 1-157,text,true,,258,308,185,623,http://34.160.153.17/servicios/notificacion,,6096,UTF-8,1,0,ip-192-168-20-46.ec2.internal,0,623
1710109674206,6095,RegistrarUsuario,200,OK,Micro_notifcaciones 1-126,text,true,,258,308,184,622,http://34.160.153.17/servicios/notificacion,,6095,UTF-8,1,0,ip-192-168-20-46.ec2.internal,0,719
1710109674165,6139,RegistrarUsuario,200,OK,Micro_notifcaciones 1-7,text,true,,258,308,183,621,http://34.160.153.17/servicios/notificacion,,6139,UTF-8,1,0,ip-192-168-20-46.ec2.internal,0,83
1710109674170,6135,RegistrarUsuario,200,OK,Micro_notifcaciones 1-26,text,true,,258,308,182,620,http://34.160.153.17/servicios/notificacion,,6135,UTF-8,1,0,ip-192-168-20-46.ec2.internal,0,78
1710109674195,6112,RegistrarUsuario,200,OK,Micro_notifcaciones 1-128,text,true,,258,308,181,619,http://34.160.153.17/servicios/notificacion,,6112,UTF-8,1,0,ip-192-168-20-46.ec2.internal,0,479
1710109674195,6169,RegistrarUsuario,200,OK,Micro_notifcaciones 1-129,text,true,,258,308,180,618,http://34.160.153.17/servicios/notificacion,,6169,UTF-8,1,0,ip-192-168-20-46.ec2.internal,0,479
1710109674192,6270,RegistrarUsuario,200,OK,Micro_notifcaciones 1-107,text,true,,258,308,179,609,http://34.160.153.17/servicios/notificacion,,6270,UTF-8,1,0,ip-192-168-20-46.ec2.internal,0,481
1710109674204,6384,RegistrarUsuario,200,OK,Micro_notifcaciones 1-162,text,true,,258,308,178,603,http://34.160.153.17/servicios/notificacion,,6384,UTF-8,1,0,ip-192-168-20-46.ec2.internal,0,623
1710109674210,6381,RegistrarUsuario,200,OK,Micro_notifcaciones 1-176,text,true,,258,308,177,602,http://34.160.153.17/servicios/notificacion,,6381,UTF-8,1,0,ip-192-168-20-46.ec2.internal,0,718
1710109674195,6469,RegistrarUsuario,200,OK,Micro_notifcaciones 1-117,text,true,,258,308,176,598,http://34.160.153.17/servicios/notificacion,,6469,UTF-8,1,0,ip-192-168-20-46.ec2.internal,0,480
1710109674193,6481,RegistrarUsuario,200,OK,Micro_notifcaciones 1-111,text,true,,258,308,175,597,http://34.160.153.17/servicios/notificacion,,6481,UTF-8,1,0,ip-192-168-20-46.ec2.internal,0,482
1710109674209,6487,RegistrarUsuario,200,OK,Micro_notifcaciones 1-155,text,true,,258,308,174,594,http://34.160.153.17/servicios/notificacion,,6487,UTF-8,1,0,ip-192-168-20-46.ec2.internal,0,719
1710109674169,6577,RegistrarUsuario,200,OK,Micro_notifcaciones 1-13,text,true,,258,308,173,592,http://34.160.153.17/servicios/notificacion,,6577,UTF-8,1,0,ip-192-168-20-46.ec2.internal,0,79
1710109674208,6539,RegistrarUsuario,200,OK,Micro_notifcaciones 1-115,text,true,,258,308,172,591,http://34.160.153.17/servicios/notificacion,,6539,UTF-8,1,0,ip-192-168-20-46.ec2.internal,0,721
1710109674194,6584,RegistrarUsuario,200,OK,Micro_notifcaciones 1-127,text,true,,258,308,171,590,http://34.160.153.17/servicios/notificacion,,6584,UTF-8,1,0,ip-192-168-20-46.ec2.internal,0,480
1710109674214,6608,RegistrarUsuario,200,OK,Micro_notifcaciones 1-186,text,true,,258,308,170,588,http://34.160.153.17/servicios/notificacion,,6608,UTF-8,1,0,ip-192-168-20-46.ec2.internal,0,718
1710109674211,6623,RegistrarUsuario,200,OK,Micro_notifcaciones 1-177,text,true,,258,308,169,587,http://34.160.153.17/servicios/notificacion,,6623,UTF-8,1,0,ip-192-168-20-46.ec2.internal,0,718
1710109674210,6636,RegistrarUsuario,200,OK,Micro_notifcaciones 1-172,text,true,,258,308,168,586,http://34.160.153.17/servicios/notificacion,,6636,UTF-8,1,0,ip-192-168-20-46.ec2.internal,0,721
1710109674211,6653,RegistrarUsuario,200,OK,Micro_notifcaciones 1-174,text,true,,258,308,167,585,http://34.160.153.17/servicios/notificacion,,6653,UTF-8,1,0,ip-192-168-20-46.ec2.internal,0,722
1710109674178,6871,RegistrarUsuario,200,OK,Micro_notifcaciones 1-52,text,true,,258,308,166,573,http://34.160.153.17/servicios/notificacion,,6871,UTF-8,1,0,ip-192-168-20-46.ec2.internal,0,86
1710109674195,6886,RegistrarUsuario,200,OK,Micro_notifcaciones 1-133,text,true,,258,308,165,572,http://34.160.153.17/servicios/notificacion,,6885,UTF-8,1,0,ip-192-168-20-46.ec2.internal,0,479
1710109674210,6951,RegistrarUsuario,200,OK,Micro_notifcaciones 1-131,text,true,,258,308,164,571,http://34.160.153.17/servicios/notificacion,,6951,UTF-8,1,0,ip-192-168-20-46.ec2.internal,0,721
1710109674213,6950,RegistrarUsuario,200,OK,Micro_notifcaciones 1-153,text,true,,258,308,164,571,http://34.160.153.17/servicios/notificacion,,6950,UTF-8,1,0,ip-192-168-20-46.ec2.internal,0,721
1710109674194,7028,RegistrarUsuario,200,OK,Micro_notifcaciones 1-132,text,true,,258,308,162,568,http://34.160.153.17/servicios/notificacion,,7028,UTF-8,1,0,ip-192-168-20-46.ec2.internal,0,482
1710109674174,7081,RegistrarUsuario,200,OK,Micro_notifcaciones 1-34,text,true,,258,308,161,565,http://34.160.153.17/servicios/notificacion,,7081,UTF-8,1,0,ip-192-168-20-46.ec2.internal,0,90
1710109674193,7230,RegistrarUsuario,200,OK,Micro_notifcaciones 1-118,text,true,,258,308,160,561,http://34.160.153.17/servicios/notificacion,,7230,UTF-8,1,0,ip-192-168-20-46.ec2.internal,0,483
1710109674197,7276,RegistrarUsuario,200,OK,Micro_notifcaciones 1-140,text,true,,258,308,159,559,http://34.160.153.17/servicios/notificacion,,7276,UTF-8,1,0,ip-192-168-20-46.ec2.internal,0,479
1710109674211,7387,RegistrarUsuario,200,OK,Micro_notifcaciones 1-180,text,true,,258,308,158,549,http://34.160.153.17/servicios/notificacion,,7387,UTF-8,1,0,ip-192-168-20-46.ec2.internal,0,721
1710109674209,7416,RegistrarUsuario,200,OK,Micro_notifcaciones 1-158,text,true,,258,308,157,545,http://34.160.153.17/servicios/notificacion,,7416,UTF-8,1,0,ip-192-168-20-46.ec2.internal,0,723
1710109674199,7443,RegistrarUsuario,200,OK,Micro_notifcaciones 1-141,text,true,,258,308,156,544,http://34.160.153.17/servicios/notificacion,,7443,UTF-8,1,0,ip-192-168-20-46.ec2.internal,0,617
1710109674195,7455,RegistrarUsuario,200,OK,Micro_notifcaciones 1-106,text,true,,258,308,155,543,http://34.160.153.17/servicios/notificacion,,7455,UTF-8,1,0,ip-192-168-20-46.ec2.internal,0,480
1710109674192,7460,RegistrarUsuario,200,OK,Micro_notifcaciones 1-104,text,true,,258,308,154,542,http://34.160.153.17/servicios/notificacion,,7460,UTF-8,1,0,ip-192-168-20-46.ec2.internal,0,483
1710109674198,7524,RegistrarUsuario,200,OK,Micro_notifcaciones 1-149,text,true,,258,308,153,539,http://34.160.153.17/servicios/notificacion,,7524,UTF-8,1,0,ip-192-168-20-46.ec2.internal,0,480
1710109674212,7718,RegistrarUsuario,200,OK,Micro_notifcaciones 1-178,text,true,,258,308,152,534,http://34.160.153.17/servicios/notificacion,,7718,UTF-8,1,0,ip-192-168-20-46.ec2.internal,0,722
1710109674213,7719,RegistrarUsuario,200,OK,Micro_notifcaciones 1-181,text,true,,258,308,151,533,http://34.160.153.17/servicios/notificacion,,7719,UTF-8,1,0,ip-192-168-20-46.ec2.internal,0,723
1710109674229,7973,RegistrarUsuario,200,OK,Micro_notifcaciones 1-235,text,true,,258,308,150,518,http://34.160.153.17/servicios/notificacion,,7973,UTF-8,1,0,ip-192-168-20-46.ec2.internal,0,813
1710109674201,8008,RegistrarUsuario,200,OK,Micro_notifcaciones 1-135,text,true,,258,308,149,517,http://34.160.153.17/servicios/notificacion,,8008,UTF-8,1,0,ip-192-168-20-46.ec2.internal,0,617
1710109674198,8102,RegistrarUsuario,200,OK,Micro_notifcaciones 1-108,text,true,,258,308,148,508,http://34.160.153.17/servicios/notificacion,,8102,UTF-8,1,0,ip-192-168-20-46.ec2.internal,0,478
1710109674201,8195,RegistrarUsuario,200,OK,Micro_notifcaciones 1-134,text,true,,258,308,147,503,http://34.160.153.17/servicios/notificacion,,8195,UTF-8,1,0,ip-192-168-20-46.ec2.internal,0,620
1710109674201,8261,RegistrarUsuario,200,OK,Micro_notifcaciones 1-130,text,true,,258,308,146,501,http://34.160.153.17/servicios/notificacion,,8261,UTF-8,1,0,ip-192-168-20-46.ec2.internal,0,618
1710109674199,8291,RegistrarUsuario,200,OK,Micro_notifcaciones 1-142,text,true,,258,308,145,497,http://34.160.153.17/servicios/notificacion,,8291,UTF-8,1,0,ip-192-168-20-46.ec2.internal,0,619
1710109674200,8293,RegistrarUsuario,200,OK,Micro_notifcaciones 1-148,text,true,,258,308,144,496,http://34.160.153.17/servicios/notificacion,,8293,UTF-8,1,0,ip-192-168-20-46.ec2.internal,0,619
1710109674229,8417,RegistrarUsuario,200,OK,Micro_notifcaciones 1-229,text,true,,258,308,143,486,http://34.160.153.17/servicios/notificacion,,8417,UTF-8,1,0,ip-192-168-20-46.ec2.internal,0,811
1710109674178,8656,RegistrarUsuario,200,OK,Micro_notifcaciones 1-49,text,true,,258,308,142,479,http://34.160.153.17/servicios/notificacion,,8656,UTF-8,1,0,ip-192-168-20-46.ec2.internal,0,271
1710109674184,8693,RegistrarUsuario,200,OK,Micro_notifcaciones 1-69,text,true,,258,308,141,478,http://34.160.153.17/servicios/notificacion,,8693,UTF-8,1,0,ip-192-168-20-46.ec2.internal,0,376
1710109674202,8725,RegistrarUsuario,200,OK,Micro_notifcaciones 1-154,text,true,,258,308,140,477,http://34.160.153.17/servicios/notificacion,,8725,UTF-8,1,0,ip-192-168-20-46.ec2.internal,0,618
1710109674178,8764,RegistrarUsuario,200,OK,Micro_notifcaciones 1-57,text,true,,258,308,139,475,http://34.160.153.17/servicios/notificacion,,8764,UTF-8,1,0,ip-192-168-20-46.ec2.internal,0,272
1710109674214,8749,RegistrarUsuario,200,OK,Micro_notifcaciones 1-187,text,true,,258,308,138,474,http://34.160.153.17/servicios/notificacion,,8749,UTF-8,1,0,ip-192-168-20-46.ec2.internal,0,721
1710109674201,8777,RegistrarUsuario,200,OK,Micro_notifcaciones 1-139,text,true,,258,308,137,473,http://34.160.153.17/servicios/notificacion,,8777,UTF-8,1,0,ip-192-168-20-46.ec2.internal,0,621
1710109674228,8872,RegistrarUsuario,200,OK,Micro_notifcaciones 1-236,text,true,,258,308,136,466,http://34.160.153.17/servicios/notificacion,,8872,UTF-8,1,0,ip-192-168-20-46.ec2.internal,0,812
1710109674205,8930,RegistrarUsuario,200,OK,Micro_notifcaciones 1-124,text,true,,258,308,135,462,http://34.160.153.17/servicios/notificacion,,8930,UTF-8,1,0,ip-192-168-20-46.ec2.internal,0,621
1710109674198,8943,RegistrarUsuario,200,OK,Micro_notifcaciones 1-147,text,true,,258,308,134,459,http://34.160.153.17/servicios/notificacion,,8943,UTF-8,1,0,ip-192-168-20-46.ec2.internal,0,480
1710109674203,8940,RegistrarUsuario,200,OK,Micro_notifcaciones 1-146,text,true,,258,308,133,458,http://34.160.153.17/servicios/notificacion,,8940,UTF-8,1,0,ip-192-168-20-46.ec2.internal,0,619
1710109674181,9119,RegistrarUsuario,200,OK,Micro_notifcaciones 1-67,text,true,,258,308,132,447,http://34.160.153.17/servicios/notificacion,,9119,UTF-8,1,0,ip-192-168-20-46.ec2.internal,0,271
1710109674229,9072,RegistrarUsuario,200,OK,Micro_notifcaciones 1-234,text,true,,258,308,131,446,http://34.160.153.17/servicios/notificacion,,9072,UTF-8,1,0,ip-192-168-20-46.ec2.internal,0,813
1710109674204,9182,RegistrarUsuario,200,OK,Micro_notifcaciones 1-165,text,true,,258,308,130,442,http://34.160.153.17/servicios/notificacion,,9182,UTF-8,1,0,ip-192-168-20-46.ec2.internal,0,623
1710109674229,9301,RegistrarUsuario,200,OK,Micro_notifcaciones 1-233,text,true,,258,308,129,425,http://34.160.153.17/servicios/notificacion,,9301,UTF-8,1,0,ip-192-168-20-46.ec2.internal,0,812
1710109674228,9309,RegistrarUsuario,200,OK,Micro_notifcaciones 1-230,text,true,,258,308,128,424,http://34.160.153.17/servicios/notificacion,,9309,UTF-8,1,0,ip-192-168-20-46.ec2.internal,0,811
1710109674178,9430,RegistrarUsuario,200,OK,Micro_notifcaciones 1-54,text,true,,258,308,127,422,http://34.160.153.17/servicios/notificacion,,9430,UTF-8,1,0,ip-192-168-20-46.ec2.internal,0,274
1710109674181,9428,RegistrarUsuario,200,OK,Micro_notifcaciones 1-63,text,true,,258,308,127,422,http://34.160.153.17/servicios/notificacion,,9428,UTF-8,1,0,ip-192-168-20-46.ec2.internal,0,273
1710109674204,9405,RegistrarUsuario,200,OK,Micro_notifcaciones 1-159,text,true,,258,308,127,422,http://34.160.153.17/servicios/notificacion,,9405,UTF-8,1,0,ip-192-168-20-46.ec2.internal,0,622
1710109674205,9404,RegistrarUsuario,200,OK,Micro_notifcaciones 1-138,text,true,,258,308,127,422,http://34.160.153.17/servicios/notificacion,,9404,UTF-8,1,0,ip-192-168-20-46.ec2.internal,0,621
1710109674184,9534,RegistrarUsuario,200,OK,Micro_notifcaciones 1-88,text,true,,258,308,123,415,http://34.160.153.17/servicios/notificacion,,9534,UTF-8,1,0,ip-192-168-20-46.ec2.internal,0,375
1710109674208,9514,RegistrarUsuario,200,OK,Micro_notifcaciones 1-175,text,true,,258,308,122,414,http://34.160.153.17/servicios/notificacion,,9514,UTF-8,1,0,ip-192-168-20-46.ec2.internal,0,718
1710109674208,9515,RegistrarUsuario,200,OK,Micro_notifcaciones 1-160,text,true,,258,308,121,413,http://34.160.153.17/servicios/notificacion,,9515,UTF-8,1,0,ip-192-168-20-46.ec2.internal,0,626
1710109674181,9627,RegistrarUsuario,200,OK,Micro_notifcaciones 1-61,text,true,,258,308,120,402,http://34.160.153.17/servicios/notificacion,,9627,UTF-8,1,0,ip-192-168-20-46.ec2.internal,0,273
1710109674181,9669,RegistrarUsuario,200,OK,Micro_notifcaciones 1-64,text,true,,258,308,119,397,http://34.160.153.17/servicios/notificacion,,9669,UTF-8,1,0,ip-192-168-20-46.ec2.internal,0,275
1710109674181,9678,RegistrarUsuario,200,OK,Micro_notifcaciones 1-59,text,true,,258,308,118,395,http://34.160.153.17/servicios/notificacion,,9678,UTF-8,1,0,ip-192-168-20-46.ec2.internal,0,275
1710109674183,9678,RegistrarUsuario,200,OK,Micro_notifcaciones 1-77,text,true,,258,308,117,394,http://34.160.153.17/servicios/notificacion,,9678,UTF-8,1,0,ip-192-168-20-46.ec2.internal,0,277
1710109674183,9680,RegistrarUsuario,200,OK,Micro_notifcaciones 1-80,text,true,,258,308,116,393,http://34.160.153.17/servicios/notificacion,,9680,UTF-8,1,0,ip-192-168-20-46.ec2.internal,0,275
1710109674208,9829,RegistrarUsuario,200,OK,Micro_notifcaciones 1-163,text,true,,258,308,115,384,http://34.160.153.17/servicios/notificacion,,9829,UTF-8,1,0,ip-192-168-20-46.ec2.internal,0,720
1710109674178,9876,RegistrarUsuario,200,OK,Micro_notifcaciones 1-50,text,true,,258,308,114,381,http://34.160.153.17/servicios/notificacion,,9876,UTF-8,1,0,ip-192-168-20-46.ec2.internal,0,272
1710109674211,10012,RegistrarUsuario,200,OK,Micro_notifcaciones 1-179,text,true,,258,308,113,374,http://34.160.153.17/servicios/notificacion,,10012,UTF-8,1,0,ip-192-168-20-46.ec2.internal,0,717
1710109674192,10091,RegistrarUsuario,200,OK,Micro_notifcaciones 1-110,text,true,,258,308,112,371,http://34.160.153.17/servicios/notificacion,,10091,UTF-8,1,0,ip-192-168-20-46.ec2.internal,0,481
1710109674181,10192,RegistrarUsuario,200,OK,Micro_notifcaciones 1-58,text,true,,258,308,111,366,http://34.160.153.17/servicios/notificacion,,10192,UTF-8,1,0,ip-192-168-20-46.ec2.internal,0,275
1710109674213,10229,RegistrarUsuario,200,OK,Micro_notifcaciones 1-184,text,true,,258,308,110,365,http://34.160.153.17/servicios/notificacion,,10229,UTF-8,1,0,ip-192-168-20-46.ec2.internal,0,720
1710109674183,10274,RegistrarUsuario,200,OK,Micro_notifcaciones 1-82,text,true,,258,308,109,364,http://34.160.153.17/servicios/notificacion,,10274,UTF-8,1,0,ip-192-168-20-46.ec2.internal,0,277
1710109674222,10277,RegistrarUsuario,200,OK,Micro_notifcaciones 1-212,text,true,,258,308,108,363,http://34.160.153.17/servicios/notificacion,,10277,UTF-8,1,0,ip-192-168-20-46.ec2.internal,0,1048
1710109674211,10411,RegistrarUsuario,200,OK,Micro_notifcaciones 1-173,text,true,,258,308,107,358,http://34.160.153.17/servicios/notificacion,,10411,UTF-8,1,0,ip-192-168-20-46.ec2.internal,0,717
1710109674211,10415,RegistrarUsuario,200,OK,Micro_notifcaciones 1-167,text,true,,258,308,106,357,http://34.160.153.17/servicios/notificacion,,10415,UTF-8,1,0,ip-192-168-20-46.ec2.internal,0,725
1710109674194,10465,RegistrarUsuario,200,OK,Micro_notifcaciones 1-121,text,true,,258,308,105,354,http://34.160.153.17/servicios/notificacion,,10465,UTF-8,1,0,ip-192-168-20-46.ec2.internal,0,374
1710109674183,10492,RegistrarUsuario,200,OK,Micro_notifcaciones 1-66,text,true,,258,308,104,352,http://34.160.153.17/servicios/notificacion,,10492,UTF-8,1,0,ip-192-168-20-46.ec2.internal,0,373
1710109674183,10597,RegistrarUsuario,200,OK,Micro_notifcaciones 1-86,text,true,,258,308,103,348,http://34.160.153.17/servicios/notificacion,,10597,UTF-8,1,0,ip-192-168-20-46.ec2.internal,0,375
1710109674213,10671,RegistrarUsuario,200,OK,Micro_notifcaciones 1-183,text,true,,258,308,102,344,http://34.160.153.17/servicios/notificacion,,10671,UTF-8,1,0,ip-192-168-20-46.ec2.internal,0,721
1710109674185,10719,RegistrarUsuario,200,OK,Micro_notifcaciones 1-71,text,true,,258,308,101,343,http://34.160.153.17/servicios/notificacion,,10719,UTF-8,1,0,ip-192-168-20-46.ec2.internal,0,378
1710109674177,10755,RegistrarUsuario,200,OK,Micro_notifcaciones 1-56,text,true,,258,308,100,342,http://34.160.153.17/servicios/notificacion,,10755,UTF-8,1,0,ip-192-168-20-46.ec2.internal,0,272
1710109674221,10731,RegistrarUsuario,200,OK,Micro_notifcaciones 1-214,text,true,,258,308,99,341,http://34.160.153.17/servicios/notificacion,,10731,UTF-8,1,0,ip-192-168-20-46.ec2.internal,0,1049
1710109674214,10738,RegistrarUsuario,200,OK,Micro_notifcaciones 1-188,text,true,,258,308,99,341,http://34.160.153.17/servicios/notificacion,,10738,UTF-8,1,0,ip-192-168-20-46.ec2.internal,0,1912
1710109674215,10773,RegistrarUsuario,200,OK,Micro_notifcaciones 1-190,text,true,,258,308,97,338,http://34.160.153.17/servicios/notificacion,,10773,UTF-8,1,0,ip-192-168-20-46.ec2.internal,0,1912
1710109674210,10819,RegistrarUsuario,200,OK,Micro_notifcaciones 1-170,text,true,,258,308,96,334,http://34.160.153.17/servicios/notificacion,,10819,UTF-8,1,0,ip-192-168-20-46.ec2.internal,0,719
1710109674214,10827,RegistrarUsuario,200,OK,Micro_notifcaciones 1-182,text,true,,258,308,95,333,http://34.160.153.17/servicios/notificacion,,10827,UTF-8,1,0,ip-192-168-20-46.ec2.internal,0,723
1710109674219,10888,RegistrarUsuario,200,OK,Micro_notifcaciones 1-198,text,true,,258,308,94,326,http://34.160.153.17/servicios/notificacion,,10888,UTF-8,1,0,ip-192-168-20-46.ec2.internal,0,1911
1710109674220,10888,RegistrarUsuario,200,OK,Micro_notifcaciones 1-195,text,true,,258,308,93,325,http://34.160.153.17/servicios/notificacion,,10888,UTF-8,1,0,ip-192-168-20-46.ec2.internal,0,1949
1710109674216,10893,RegistrarUsuario,200,OK,Micro_notifcaciones 1-189,text,true,,258,308,92,323,http://34.160.153.17/servicios/notificacion,,10893,UTF-8,1,0,ip-192-168-20-46.ec2.internal,0,1913
1710109674184,10962,RegistrarUsuario,200,OK,Micro_notifcaciones 1-87,text,true,,258,308,91,322,http://34.160.153.17/servicios/notificacion,,10962,UTF-8,1,0,ip-192-168-20-46.ec2.internal,0,375
1710109674184,10979,RegistrarUsuario,200,OK,Micro_notifcaciones 1-73,text,true,,258,308,90,320,http://34.160.153.17/servicios/notificacion,,10979,UTF-8,1,0,ip-192-168-20-46.ec2.internal,0,374
1710109674179,10996,RegistrarUsuario,200,OK,Micro_notifcaciones 1-47,text,true,,258,308,89,319,http://34.160.153.17/servicios/notificacion,,10996,UTF-8,1,0,ip-192-168-20-46.ec2.internal,0,273
1710109674222,11010,RegistrarUsuario,200,OK,Micro_notifcaciones 1-224,text,true,,258,308,88,317,http://34.160.153.17/servicios/notificacion,,11009,UTF-8,1,0,ip-192-168-20-46.ec2.internal,0,1952
1710109674222,11038,RegistrarUsuario,200,OK,Micro_notifcaciones 1-211,text,true,,258,308,87,316,http://34.160.153.17/servicios/notificacion,,11038,UTF-8,1,0,ip-192-168-20-46.ec2.internal,0,1950
1710109674200,11152,RegistrarUsuario,200,OK,Micro_notifcaciones 1-144,text,true,,258,308,86,312,http://34.160.153.17/servicios/notificacion,,11152,UTF-8,1,0,ip-192-168-20-46.ec2.internal,0,618
1710109674227,11201,RegistrarUsuario,200,OK,Micro_notifcaciones 1-242,text,true,,258,308,85,307,http://34.160.153.17/servicios/notificacion,,11201,UTF-8,1,0,ip-192-168-20-46.ec2.internal,0,814
1710109674228,11258,RegistrarUsuario,200,OK,Micro_notifcaciones 1-241,text,true,,258,308,84,302,http://34.160.153.17/servicios/notificacion,,11258,UTF-8,1,0,ip-192-168-20-46.ec2.internal,0,810
1710109674183,11328,RegistrarUsuario,200,OK,Micro_notifcaciones 1-72,text,true,,258,308,83,300,http://34.160.153.17/servicios/notificacion,,11328,UTF-8,1,0,ip-192-168-20-46.ec2.internal,0,273
1710109674229,11284,RegistrarUsuario,200,OK,Micro_notifcaciones 1-240,text,true,,258,308,82,299,http://34.160.153.17/servicios/notificacion,,11284,UTF-8,1,0,ip-192-168-20-46.ec2.internal,0,809
1710109674179,11338,RegistrarUsuario,200,OK,Micro_notifcaciones 1-42,text,true,,258,308,81,298,http://34.160.153.17/servicios/notificacion,,11338,UTF-8,1,0,ip-192-168-20-46.ec2.internal,0,273
1710109674226,11444,RegistrarUsuario,200,OK,Micro_notifcaciones 1-231,text,true,,258,308,80,291,http://34.160.153.17/servicios/notificacion,,11444,UTF-8,1,0,ip-192-168-20-46.ec2.internal,0,1953
1710109674204,11513,RegistrarUsuario,200,OK,Micro_notifcaciones 1-151,text,true,,258,308,79,284,http://34.160.153.17/servicios/notificacion,,11513,UTF-8,1,0,ip-192-168-20-46.ec2.internal,0,622
1710109674228,11549,RegistrarUsuario,200,OK,Micro_notifcaciones 1-237,text,true,,258,308,78,280,http://34.160.153.17/servicios/notificacion,,11549,UTF-8,1,0,ip-192-168-20-46.ec2.internal,0,812
1710109674205,11644,RegistrarUsuario,200,OK,Micro_notifcaciones 1-169,text,true,,258,308,77,279,http://34.160.153.17/servicios/notificacion,,11644,UTF-8,1,0,ip-192-168-20-46.ec2.internal,0,625
1710109674224,11658,RegistrarUsuario,200,OK,Micro_notifcaciones 1-219,text,true,,258,308,76,278,http://34.160.153.17/servicios/notificacion,,11658,UTF-8,1,0,ip-192-168-20-46.ec2.internal,0,1955
1710109674224,11659,RegistrarUsuario,200,OK,Micro_notifcaciones 1-217,text,true,,258,308,75,277,http://34.160.153.17/servicios/notificacion,,11659,UTF-8,1,0,ip-192-168-20-46.ec2.internal,0,1958
1710109674225,11665,RegistrarUsuario,200,OK,Micro_notifcaciones 1-226,text,true,,258,308,74,276,http://34.160.153.17/servicios/notificacion,,11665,UTF-8,1,0,ip-192-168-20-46.ec2.internal,0,1957
1710109674179,11754,RegistrarUsuario,200,OK,Micro_notifcaciones 1-45,text,true,,258,308,73,275,http://34.160.153.17/servicios/notificacion,,11754,UTF-8,1,0,ip-192-168-20-46.ec2.internal,0,275
1710109674223,11790,RegistrarUsuario,200,OK,Micro_notifcaciones 1-216,text,true,,258,308,72,271,http://34.160.153.17/servicios/notificacion,,11790,UTF-8,1,0,ip-192-168-20-46.ec2.internal,0,1959
1710109674230,11808,RegistrarUsuario,200,OK,Micro_notifcaciones 1-238,text,true,,258,308,71,267,http://34.160.153.17/servicios/notificacion,,11808,UTF-8,1,0,ip-192-168-20-46.ec2.internal,0,813
1710109674183,11856,RegistrarUsuario,200,OK,Micro_notifcaciones 1-79,text,true,,258,308,70,266,http://34.160.153.17/servicios/notificacion,,11856,UTF-8,1,0,ip-192-168-20-46.ec2.internal,0,275
1710109674179,11871,RegistrarUsuario,200,OK,Micro_notifcaciones 1-48,text,true,,258,308,69,265,http://34.160.153.17/servicios/notificacion,,11871,UTF-8,1,0,ip-192-168-20-46.ec2.internal,0,273
1710109674182,11890,RegistrarUsuario,200,OK,Micro_notifcaciones 1-60,text,true,,258,308,68,264,http://34.160.153.17/servicios/notificacion,,11890,UTF-8,1,0,ip-192-168-20-46.ec2.internal,0,274
1710109674183,11890,RegistrarUsuario,200,OK,Micro_notifcaciones 1-68,text,true,,258,308,67,263,http://34.160.153.17/servicios/notificacion,,11890,UTF-8,1,0,ip-192-168-20-46.ec2.internal,0,276
1710109674224,11910,RegistrarUsuario,200,OK,Micro_notifcaciones 1-223,text,true,,258,308,66,259,http://34.160.153.17/servicios/notificacion,,11910,UTF-8,1,0,ip-192-168-20-46.ec2.internal,0,1961
1710109674183,12171,RegistrarUsuario,200,OK,Micro_notifcaciones 1-75,text,true,,258,308,65,253,http://34.160.153.17/servicios/notificacion,,12171,UTF-8,1,0,ip-192-168-20-46.ec2.internal,0,276
1710109674227,12286,RegistrarUsuario,200,OK,Micro_notifcaciones 1-239,text,true,,258,308,64,244,http://34.160.153.17/servicios/notificacion,,12286,UTF-8,1,0,ip-192-168-20-46.ec2.internal,0,1958
1710109674189,12434,RegistrarUsuario,200,OK,Micro_notifcaciones 1-92,text,true,,258,308,63,239,http://34.160.153.17/servicios/notificacion,,12434,UTF-8,1,0,ip-192-168-20-46.ec2.internal,0,377
1710109674181,12442,RegistrarUsuario,200,OK,Micro_notifcaciones 1-62,text,true,,258,308,63,239,http://34.160.153.17/servicios/notificacion,,12442,UTF-8,1,0,ip-192-168-20-46.ec2.internal,0,273
1710109674225,12426,RegistrarUsuario,200,OK,Micro_notifcaciones 1-227,text,true,,258,308,61,235,http://34.160.153.17/servicios/notificacion,,12426,UTF-8,1,0,ip-192-168-20-46.ec2.internal,0,1960
1710109674238,12415,RegistrarUsuario,200,OK,Micro_notifcaciones 1-250,text,true,,258,308,60,234,http://34.160.153.17/servicios/notificacion,,12415,UTF-8,1,0,ip-192-168-20-46.ec2.internal,0,1957
1710109674185,12774,RegistrarUsuario,200,OK,Micro_notifcaciones 1-93,text,true,,258,308,59,231,http://34.160.153.17/servicios/notificacion,,12774,UTF-8,1,0,ip-192-168-20-46.ec2.internal,0,378
1710109674193,12770,RegistrarUsuario,200,OK,Micro_notifcaciones 1-116,text,true,,258,308,58,230,http://34.160.153.17/servicios/notificacion,,12770,UTF-8,1,0,ip-192-168-20-46.ec2.internal,0,374
1710109674217,12754,RegistrarUsuario,200,OK,Micro_notifcaciones 1-194,text,true,,258,308,57,229,http://34.160.153.17/servicios/notificacion,,12754,UTF-8,1,0,ip-192-168-20-46.ec2.internal,0,1913
1710109674188,12787,RegistrarUsuario,200,OK,Micro_notifcaciones 1-101,text,true,,258,308,56,228,http://34.160.153.17/servicios/notificacion,,12787,UTF-8,1,0,ip-192-168-20-46.ec2.internal,0,376
1710109674216,12767,RegistrarUsuario,200,OK,Micro_notifcaciones 1-191,text,true,,258,308,56,228,http://34.160.153.17/servicios/notificacion,,12767,UTF-8,1,0,ip-192-168-20-46.ec2.internal,0,1913
1710109674219,12827,RegistrarUsuario,200,OK,Micro_notifcaciones 1-210,text,true,,258,308,54,223,http://34.160.153.17/servicios/notificacion,,12827,UTF-8,1,0,ip-192-168-20-46.ec2.internal,0,1916
1710109674184,12877,RegistrarUsuario,200,OK,Micro_notifcaciones 1-83,text,true,,258,308,53,220,http://34.160.153.17/servicios/notificacion,,12877,UTF-8,1,0,ip-192-168-20-46.ec2.internal,0,379
1710109674217,12895,RegistrarUsuario,200,OK,Micro_notifcaciones 1-197,text,true,,258,308,52,216,http://34.160.153.17/servicios/notificacion,,12895,UTF-8,1,0,ip-192-168-20-46.ec2.internal,0,1918
1710109674189,13022,RegistrarUsuario,200,OK,Micro_notifcaciones 1-95,text,true,,258,308,51,208,http://34.160.153.17/servicios/notificacion,,13022,UTF-8,1,0,ip-192-168-20-46.ec2.internal,0,377
1710109674184,13271,RegistrarUsuario,200,OK,Micro_notifcaciones 1-65,text,true,,258,308,50,200,http://34.160.153.17/servicios/notificacion,,13271,UTF-8,1,0,ip-192-168-20-46.ec2.internal,0,379
1710109674193,13326,RegistrarUsuario,200,OK,Micro_notifcaciones 1-112,text,true,,258,308,49,196,http://34.160.153.17/servicios/notificacion,,13326,UTF-8,1,0,ip-192-168-20-46.ec2.internal,0,375
1710109674185,13347,RegistrarUsuario,200,OK,Micro_notifcaciones 1-78,text,true,,258,308,48,195,http://34.160.153.17/servicios/notificacion,,13347,UTF-8,1,0,ip-192-168-20-46.ec2.internal,0,378
1710109674190,13342,RegistrarUsuario,200,OK,Micro_notifcaciones 1-97,text,true,,258,308,48,195,http://34.160.153.17/servicios/notificacion,,13342,UTF-8,1,0,ip-192-168-20-46.ec2.internal,0,379
1710109674184,13358,RegistrarUsuario,200,OK,Micro_notifcaciones 1-94,text,true,,258,308,46,193,http://34.160.153.17/servicios/notificacion,,13358,UTF-8,1,0,ip-192-168-20-46.ec2.internal,0,379
1710109674217,13325,RegistrarUsuario,200,OK,Micro_notifcaciones 1-193,text,true,,258,308,46,193,http://34.160.153.17/servicios/notificacion,,13325,UTF-8,1,0,ip-192-168-20-46.ec2.internal,0,1912
1710109674223,13320,RegistrarUsuario,200,OK,Micro_notifcaciones 1-204,text,true,,258,308,44,191,http://34.160.153.17/servicios/notificacion,,13320,UTF-8,1,0,ip-192-168-20-46.ec2.internal,0,1950
1710109674185,13396,RegistrarUsuario,200,OK,Micro_notifcaciones 1-76,text,true,,258,308,43,189,http://34.160.153.17/servicios/notificacion,,13396,UTF-8,1,0,ip-192-168-20-46.ec2.internal,0,378
1710109674207,13381,RegistrarUsuario,200,OK,Micro_notifcaciones 1-161,text,true,,258,308,42,187,http://34.160.153.17/servicios/notificacion,,13381,UTF-8,1,0,ip-192-168-20-46.ec2.internal,0,627
1710109674207,13383,RegistrarUsuario,200,OK,Micro_notifcaciones 1-122,text,true,,258,308,41,186,http://34.160.153.17/servicios/notificacion,,13383,UTF-8,1,0,ip-192-168-20-46.ec2.internal,0,627
1710109674223,13415,RegistrarUsuario,200,OK,Micro_notifcaciones 1-207,text,true,,258,308,40,185,http://34.160.153.17/servicios/notificacion,,13415,UTF-8,1,0,ip-192-168-20-46.ec2.internal,0,1950
1710109674219,13419,RegistrarUsuario,200,OK,Micro_notifcaciones 1-200,text,true,,258,308,40,185,http://34.160.153.17/servicios/notificacion,,13419,UTF-8,1,0,ip-192-168-20-46.ec2.internal,0,1950
1710109674204,13519,RegistrarUsuario,200,OK,Micro_notifcaciones 1-164,text,true,,258,308,38,178,http://34.160.153.17/servicios/notificacion,,13519,UTF-8,1,0,ip-192-168-20-46.ec2.internal,0,623
1710109674220,13535,RegistrarUsuario,200,OK,Micro_notifcaciones 1-209,text,true,,258,308,37,176,http://34.160.153.17/servicios/notificacion,,13535,UTF-8,1,0,ip-192-168-20-46.ec2.internal,0,1041
1710109674223,13548,RegistrarUsuario,200,OK,Micro_notifcaciones 1-220,text,true,,258,308,36,175,http://34.160.153.17/servicios/notificacion,,13548,UTF-8,1,0,ip-192-168-20-46.ec2.internal,0,1047
1710109674219,13552,RegistrarUsuario,200,OK,Micro_notifcaciones 1-208,text,true,,258,308,36,175,http://34.160.153.17/servicios/notificacion,,13552,UTF-8,1,0,ip-192-168-20-46.ec2.internal,0,1042
1710109674217,13558,RegistrarUsuario,200,OK,Micro_notifcaciones 1-192,text,true,,258,308,34,173,http://34.160.153.17/servicios/notificacion,,13558,UTF-8,1,0,ip-192-168-20-46.ec2.internal,0,1918
1710109674225,13849,RegistrarUsuario,200,OK,Micro_notifcaciones 1-225,text,true,,258,308,33,164,http://34.160.153.17/servicios/notificacion,,13849,UTF-8,1,0,ip-192-168-20-46.ec2.internal,0,1957
1710109674223,13953,RegistrarUsuario,200,OK,Micro_notifcaciones 1-213,text,true,,258,308,32,158,http://34.160.153.17/servicios/notificacion,,13953,UTF-8,1,0,ip-192-168-20-46.ec2.internal,0,1959
1710109674206,14075,RegistrarUsuario,200,OK,Micro_notifcaciones 1-171,text,true,,258,308,31,155,http://34.160.153.17/servicios/notificacion,,14075,UTF-8,1,0,ip-192-168-20-46.ec2.internal,0,624
1710109674226,14226,RegistrarUsuario,200,OK,Micro_notifcaciones 1-232,text,true,,258,308,30,146,http://34.160.153.17/servicios/notificacion,,14226,UTF-8,1,0,ip-192-168-20-46.ec2.internal,0,1957
1710109674205,14362,RegistrarUsuario,200,OK,Micro_notifcaciones 1-168,text,true,,258,308,29,142,http://34.160.153.17/servicios/notificacion,,14362,UTF-8,1,0,ip-192-168-20-46.ec2.internal,0,629
1710109674225,14640,RegistrarUsuario,200,OK,Micro_notifcaciones 1-228,text,true,,258,308,28,129,http://34.160.153.17/servicios/notificacion,,14640,UTF-8,1,0,ip-192-168-20-46.ec2.internal,0,1962
1710109674225,14641,RegistrarUsuario,200,OK,Micro_notifcaciones 1-222,text,true,,258,308,27,128,http://34.160.153.17/servicios/notificacion,,14641,UTF-8,1,0,ip-192-168-20-46.ec2.internal,0,1962
1710109674237,14959,RegistrarUsuario,200,OK,Micro_notifcaciones 1-247,text,true,,258,308,26,118,http://34.160.153.17/servicios/notificacion,,14959,UTF-8,1,0,ip-192-168-20-46.ec2.internal,0,1956
1710109674236,15036,RegistrarUsuario,200,OK,Micro_notifcaciones 1-243,text,true,,258,308,25,114,http://34.160.153.17/servicios/notificacion,,15036,UTF-8,1,0,ip-192-168-20-46.ec2.internal,0,1951
1710109674223,15074,RegistrarUsuario,200,OK,Micro_notifcaciones 1-218,text,true,,258,308,24,111,http://34.160.153.17/servicios/notificacion,,15074,UTF-8,1,0,ip-192-168-20-46.ec2.internal,0,1962
1710109674238,15388,RegistrarUsuario,200,OK,Micro_notifcaciones 1-249,text,true,,258,308,23,100,http://34.160.153.17/servicios/notificacion,,15388,UTF-8,1,0,ip-192-168-20-46.ec2.internal,0,1954
1710109674237,15820,RegistrarUsuario,200,OK,Micro_notifcaciones 1-246,text,true,,258,308,22,90,http://34.160.153.17/servicios/notificacion,,15820,UTF-8,1,0,ip-192-168-20-46.ec2.internal,0,1960
1710109674237,15820,RegistrarUsuario,200,OK,Micro_notifcaciones 1-244,text,true,,258,308,22,90,http://34.160.153.17/servicios/notificacion,,15820,UTF-8,1,0,ip-192-168-20-46.ec2.internal,0,1958
1710109674238,15852,RegistrarUsuario,200,OK,Micro_notifcaciones 1-248,text,true,,258,308,20,88,http://34.160.153.17/servicios/notificacion,,15852,UTF-8,1,0,ip-192-168-20-46.ec2.internal,0,1956
1710109674213,15900,RegistrarUsuario,200,OK,Micro_notifcaciones 1-185,text,true,,258,308,19,84,http://34.160.153.17/servicios/notificacion,,15900,UTF-8,1,0,ip-192-168-20-46.ec2.internal,0,725
1710109674189,15929,RegistrarUsuario,200,OK,Micro_notifcaciones 1-91,text,true,,258,308,18,83,http://34.160.153.17/servicios/notificacion,,15929,UTF-8,1,0,ip-192-168-20-46.ec2.internal,0,375
1710109674190,15942,RegistrarUsuario,200,OK,Micro_notifcaciones 1-90,text,true,,258,308,17,82,http://34.160.153.17/servicios/notificacion,,15942,UTF-8,1,0,ip-192-168-20-46.ec2.internal,0,377
1710109674238,15899,RegistrarUsuario,200,OK,Micro_notifcaciones 1-245,text,true,,258,308,16,81,http://34.160.153.17/servicios/notificacion,,15899,UTF-8,1,0,ip-192-168-20-46.ec2.internal,0,1956
1710109674190,16011,RegistrarUsuario,200,OK,Micro_notifcaciones 1-98,text,true,,258,308,15,79,http://34.160.153.17/servicios/notificacion,,16011,UTF-8,1,0,ip-192-168-20-46.ec2.internal,0,376
1710109674189,16245,RegistrarUsuario,200,OK,Micro_notifcaciones 1-99,text,true,,258,308,14,67,http://34.160.153.17/servicios/notificacion,,16245,UTF-8,1,0,ip-192-168-20-46.ec2.internal,0,377
1710109674206,16301,RegistrarUsuario,200,OK,Micro_notifcaciones 1-145,text,true,,258,308,13,57,http://34.160.153.17/servicios/notificacion,,16301,UTF-8,1,0,ip-192-168-20-46.ec2.internal,0,621
1710109674185,16328,RegistrarUsuario,200,OK,Micro_notifcaciones 1-70,text,true,,258,308,12,56,http://34.160.153.17/servicios/notificacion,,16328,UTF-8,1,0,ip-192-168-20-46.ec2.internal,0,378
1710109674222,16307,RegistrarUsuario,200,OK,Micro_notifcaciones 1-221,text,true,,258,308,11,53,http://34.160.153.17/servicios/notificacion,,16307,UTF-8,1,0,ip-192-168-20-46.ec2.internal,0,1048
1710109674213,16525,RegistrarUsuario,200,OK,Micro_notifcaciones 1-166,text,true,,258,308,10,51,http://34.160.153.17/servicios/notificacion,,16525,UTF-8,1,0,ip-192-168-20-46.ec2.internal,0,724
1710109674192,16594,RegistrarUsuario,200,OK,Micro_notifcaciones 1-100,text,true,,258,308,9,49,http://34.160.153.17/servicios/notificacion,,16594,UTF-8,1,0,ip-192-168-20-46.ec2.internal,0,375
1710109674220,16711,RegistrarUsuario,200,OK,Micro_notifcaciones 1-201,text,true,,258,308,8,43,http://34.160.153.17/servicios/notificacion,,16711,UTF-8,1,0,ip-192-168-20-46.ec2.internal,0,1041
1710109674220,16944,RegistrarUsuario,200,OK,Micro_notifcaciones 1-202,text,true,,258,308,7,30,http://34.160.153.17/servicios/notificacion,,16944,UTF-8,1,0,ip-192-168-20-46.ec2.internal,0,1041
1710109674221,17018,RegistrarUsuario,200,OK,Micro_notifcaciones 1-206,text,true,,258,308,6,28,http://34.160.153.17/servicios/notificacion,,17018,UTF-8,1,0,ip-192-168-20-46.ec2.internal,0,1049
1710109674219,17021,RegistrarUsuario,200,OK,Micro_notifcaciones 1-199,text,true,,258,308,5,27,http://34.160.153.17/servicios/notificacion,,17021,UTF-8,1,0,ip-192-168-20-46.ec2.internal,0,1039
1710109674221,17030,RegistrarUsuario,200,OK,Micro_notifcaciones 1-196,text,true,,258,308,4,25,http://34.160.153.17/servicios/notificacion,,17030,UTF-8,1,0,ip-192-168-20-46.ec2.internal,0,1049
1710109674221,17170,RegistrarUsuario,200,OK,Micro_notifcaciones 1-203,text,true,,258,308,3,21,http://34.160.153.17/servicios/notificacion,,17170,UTF-8,1,0,ip-192-168-20-46.ec2.internal,0,1049
1710109674222,17204,RegistrarUsuario,200,OK,Micro_notifcaciones 1-215,text,true,,258,308,2,15,http://34.160.153.17/servicios/notificacion,,17204,UTF-8,1,0,ip-192-168-20-46.ec2.internal,0,1048
1710109674221,17209,RegistrarUsuario,200,OK,Micro_notifcaciones 1-205,text,true,,258,308,1,14,http://34.160.153.17/servicios/notificacion,,17209,UTF-8,1,0,ip-192-168-20-46.ec2.internal,0,1049
